date,region,cases,deaths,lag.deaths,daily.deaths,lag.cases,daily.cases,rollave7.deaths,rollave7.cases
2020-01-21,Washington,1,0,NA,NA,NA,NA,NA,NA
2020-01-22,Washington,1,0,0,0,1,0,NA,NA
2020-01-23,Washington,1,0,0,0,1,0,NA,NA
2020-01-24,Washington,1,0,0,0,1,0,NA,NA
2020-01-25,Washington,1,0,0,0,1,0,NA,NA
2020-01-26,Los_Angeles,1,0,NA,NA,NA,NA,NA,NA
2020-01-26,Washington,1,0,0,0,1,0,NA,NA
2020-01-27,Los_Angeles,1,0,0,0,1,0,NA,NA
2020-01-27,Washington,1,0,0,0,1,0,NA,NA
2020-01-28,Los_Angeles,1,0,0,0,1,0,NA,NA
2020-01-28,Washington,1,0,0,0,1,0,0,0
2020-01-29,Los_Angeles,1,0,0,0,1,0,NA,NA
2020-01-29,Washington,1,0,0,0,1,0,0,0
2020-01-30,Los_Angeles,1,0,0,0,1,0,NA,NA
2020-01-30,Washington,1,0,0,0,1,0,0,0
2020-01-31,Los_Angeles,1,0,0,0,1,0,NA,NA
2020-01-31,Washington,1,0,0,0,1,0,0,0
2020-02-01,Los_Angeles,1,0,0,0,1,0,NA,NA
2020-02-01,Washington,1,0,0,0,1,0,0,0
2020-02-02,Los_Angeles,1,0,0,0,1,0,0,0
2020-02-02,Washington,1,0,0,0,1,0,0,0
2020-02-03,Los_Angeles,1,0,0,0,1,0,0,0
2020-02-03,Washington,1,0,0,0,1,0,0,0
2020-02-04,Los_Angeles,1,0,0,0,1,0,0,0
2020-02-04,Washington,1,0,0,0,1,0,0,0
2020-02-05,Los_Angeles,1,0,0,0,1,0,0,0
2020-02-05,Washington,1,0,0,0,1,0,0,0
2020-02-05,Wisconsin,1,0,NA,NA,NA,NA,NA,NA
2020-02-06,Los_Angeles,1,0,0,0,1,0,0,0
2020-02-06,Washington,1,0,0,0,1,0,0,0
2020-02-06,Wisconsin,1,0,0,0,1,0,NA,NA
2020-02-07,Los_Angeles,1,0,0,0,1,0,0,0
2020-02-07,Washington,1,0,0,0,1,0,0,0
2020-02-07,Wisconsin,1,0,0,0,1,0,NA,NA
2020-02-08,Los_Angeles,1,0,0,0,1,0,0,0
2020-02-08,Washington,1,0,0,0,1,0,0,0
2020-02-08,Wisconsin,1,0,0,0,1,0,NA,NA
2020-02-09,Los_Angeles,1,0,0,0,1,0,0,0
2020-02-09,Washington,1,0,0,0,1,0,0,0
2020-02-09,Wisconsin,1,0,0,0,1,0,NA,NA
2020-02-10,Los_Angeles,1,0,0,0,1,0,0,0
2020-02-10,Washington,1,0,0,0,1,0,0,0
2020-02-10,Wisconsin,1,0,0,0,1,0,NA,NA
2020-02-11,Los_Angeles,1,0,0,0,1,0,0,0
2020-02-11,Washington,1,0,0,0,1,0,0,0
2020-02-11,Wisconsin,1,0,0,0,1,0,NA,NA
2020-02-12,Los_Angeles,1,0,0,0,1,0,0,0
2020-02-12,Washington,1,0,0,0,1,0,0,0
2020-02-12,Wisconsin,1,0,0,0,1,0,0,0
2020-02-13,Los_Angeles,1,0,0,0,1,0,0,0
2020-02-13,Washington,1,0,0,0,1,0,0,0
2020-02-13,Wisconsin,1,0,0,0,1,0,0,0
2020-02-14,Los_Angeles,1,0,0,0,1,0,0,0
2020-02-14,Washington,1,0,0,0,1,0,0,0
2020-02-14,Wisconsin,1,0,0,0,1,0,0,0
2020-02-15,Los_Angeles,1,0,0,0,1,0,0,0
2020-02-15,Washington,1,0,0,0,1,0,0,0
2020-02-15,Wisconsin,1,0,0,0,1,0,0,0
2020-02-16,Los_Angeles,1,0,0,0,1,0,0,0
2020-02-16,Washington,1,0,0,0,1,0,0,0
2020-02-16,Wisconsin,1,0,0,0,1,0,0,0
2020-02-17,Los_Angeles,1,0,0,0,1,0,0,0
2020-02-17,Washington,1,0,0,0,1,0,0,0
2020-02-17,Wisconsin,1,0,0,0,1,0,0,0
2020-02-18,Los_Angeles,1,0,0,0,1,0,0,0
2020-02-18,Washington,1,0,0,0,1,0,0,0
2020-02-18,Wisconsin,1,0,0,0,1,0,0,0
2020-02-19,Los_Angeles,1,0,0,0,1,0,0,0
2020-02-19,Washington,1,0,0,0,1,0,0,0
2020-02-19,Wisconsin,1,0,0,0,1,0,0,0
2020-02-20,Los_Angeles,1,0,0,0,1,0,0,0
2020-02-20,Washington,1,0,0,0,1,0,0,0
2020-02-20,Wisconsin,1,0,0,0,1,0,0,0
2020-02-21,Los_Angeles,1,0,0,0,1,0,0,0
2020-02-21,Washington,1,0,0,0,1,0,0,0
2020-02-21,Wisconsin,1,0,0,0,1,0,0,0
2020-02-22,Los_Angeles,1,0,0,0,1,0,0,0
2020-02-22,Washington,1,0,0,0,1,0,0,0
2020-02-22,Wisconsin,1,0,0,0,1,0,0,0
2020-02-23,Los_Angeles,1,0,0,0,1,0,0,0
2020-02-23,Washington,1,0,0,0,1,0,0,0
2020-02-23,Wisconsin,1,0,0,0,1,0,0,0
2020-02-24,Los_Angeles,1,0,0,0,1,0,0,0
2020-02-24,Washington,5,0,0,0,1,4,0,0.5714285714285714
2020-02-24,Wisconsin,1,0,0,0,1,0,0,0
2020-02-25,Los_Angeles,1,0,0,0,1,0,0,0
2020-02-25,Washington,5,0,0,0,5,0,0,0.5714285714285714
2020-02-25,Wisconsin,1,0,0,0,1,0,0,0
2020-02-26,Los_Angeles,1,0,0,0,1,0,0,0
2020-02-26,Washington,5,0,0,0,5,0,0,0.5714285714285714
2020-02-26,Wisconsin,1,0,0,0,1,0,0,0
2020-02-27,Los_Angeles,1,0,0,0,1,0,0,0
2020-02-27,Washington,5,0,0,0,5,0,0,0.5714285714285714
2020-02-27,Wisconsin,1,0,0,0,1,0,0,0
2020-02-28,Los_Angeles,1,0,0,0,1,0,0,0
2020-02-28,Washington,7,0,0,0,5,2,0,0.8571428571428571
2020-02-28,Wisconsin,1,0,0,0,1,0,0,0
2020-02-29,Los_Angeles,1,0,0,0,1,0,0,0
2020-02-29,Washington,10,1,0,1,7,3,0.14285714285714285,1.2857142857142858
2020-02-29,Wisconsin,1,0,0,0,1,0,0,0
2020-03-01,Los_Angeles,1,0,0,0,1,0,0,0
2020-03-01,New York,1,0,NA,NA,NA,NA,NA,NA
2020-03-01,Washington,17,3,1,2,10,7,0.42857142857142855,2.2857142857142856
2020-03-01,Wisconsin,1,0,0,0,1,0,0,0
2020-03-02,Los_Angeles,1,0,0,0,1,0,0,0
2020-03-02,Atlanta,2,0,NA,NA,NA,NA,NA,NA
2020-03-02,New York,1,0,0,0,1,0,NA,NA
2020-03-02,Washington,23,6,3,3,17,6,0.8571428571428571,2.5714285714285716
2020-03-02,Wisconsin,1,0,0,0,1,0,0,0
2020-03-03,Los_Angeles,1,0,0,0,1,0,0,0
2020-03-03,Atlanta,2,0,0,0,2,0,NA,NA
2020-03-03,New York,2,0,0,0,1,1,NA,NA
2020-03-03,Washington,32,10,6,4,23,9,1.4285714285714286,3.857142857142857
2020-03-03,Wisconsin,1,0,0,0,1,0,0,0
2020-03-04,Los_Angeles,7,0,0,0,1,6,0,0.8571428571428571
2020-03-04,Atlanta,2,0,0,0,2,0,NA,NA
2020-03-04,New York,2,0,0,0,2,0,NA,NA
2020-03-04,Washington,47,11,10,1,32,15,1.5714285714285714,6
2020-03-04,Wisconsin,1,0,0,0,1,0,0,0
2020-03-05,Los_Angeles,11,0,0,0,7,4,0,1.4285714285714286
2020-03-05,DMV,3,0,NA,NA,NA,NA,NA,NA
2020-03-05,Atlanta,2,0,0,0,2,0,NA,NA
2020-03-05,New York,4,0,0,0,2,2,NA,NA
2020-03-05,Washington,75,11,11,0,47,28,1.5714285714285714,10
2020-03-05,Wisconsin,1,0,0,0,1,0,0,0
2020-03-06,Los_Angeles,13,0,0,0,11,2,0,1.7142857142857142
2020-03-06,DMV,3,0,0,0,3,0,NA,NA
2020-03-06,Atlanta,2,0,0,0,2,0,NA,NA
2020-03-06,New York,5,0,0,0,4,1,NA,NA
2020-03-06,Washington,86,12,11,1,75,11,1.7142857142857142,11.285714285714286
2020-03-06,Wisconsin,1,0,0,0,1,0,0,0
2020-03-07,Los_Angeles,14,0,0,0,13,1,0,1.8571428571428572
2020-03-07,DMV,5,0,0,0,3,2,NA,NA
2020-03-07,Atlanta,5,0,0,0,2,3,NA,NA
2020-03-07,New York,12,0,0,0,5,7,NA,NA
2020-03-07,Vermont,1,0,NA,NA,NA,NA,NA,NA
2020-03-07,Washington,110,16,12,4,86,24,2.142857142857143,14.285714285714286
2020-03-07,Wisconsin,1,0,0,0,1,0,0,0
2020-03-08,Los_Angeles,14,0,0,0,14,0,0,1.8571428571428572
2020-03-08,DMV,7,0,0,0,5,2,NA,NA
2020-03-08,Atlanta,8,0,0,0,5,3,NA,NA
2020-03-08,New York,14,0,0,0,12,2,0,1.8571428571428572
2020-03-08,Vermont,1,0,0,0,1,0,NA,NA
2020-03-08,Washington,141,19,16,3,110,31,2.2857142857142856,17.714285714285715
2020-03-08,Wisconsin,1,0,0,0,1,0,0,0
2020-03-09,Los_Angeles,19,0,0,0,14,5,0,2.5714285714285716
2020-03-09,DMV,13,0,0,0,7,6,NA,NA
2020-03-09,Atlanta,11,0,0,0,8,3,0,1.2857142857142858
2020-03-09,New York,20,0,0,0,14,6,0,2.7142857142857144
2020-03-09,Vermont,1,0,0,0,1,0,NA,NA
2020-03-09,Washington,179,22,19,3,141,38,2.2857142857142856,22.285714285714285
2020-03-09,Wisconsin,2,0,0,0,1,1,0,0.14285714285714285
2020-03-10,Los_Angeles,20,0,0,0,19,1,0,2.7142857142857144
2020-03-10,DMV,18,0,0,0,13,5,NA,NA
2020-03-10,Atlanta,15,0,0,0,11,4,0,1.8571428571428572
2020-03-10,New York,37,0,0,0,20,17,0,5
2020-03-10,Philadelphia,1,0,NA,NA,NA,NA,NA,NA
2020-03-10,Vermont,1,0,0,0,1,0,NA,NA
2020-03-10,Washington,279,24,22,2,179,100,2,35.285714285714285
2020-03-10,Wisconsin,3,0,0,0,2,1,0,0.2857142857142857
2020-03-11,Los_Angeles,28,1,0,1,20,8,0.14285714285714285,3
2020-03-11,DMV,29,0,0,0,18,11,NA,NA
2020-03-11,Atlanta,18,0,0,0,15,3,0,2.2857142857142856
2020-03-11,New York,52,0,0,0,37,15,0,7.142857142857143
2020-03-11,Philadelphia,1,0,0,0,1,0,NA,NA
2020-03-11,Vermont,2,0,0,0,1,1,NA,NA
2020-03-11,Washington,338,29,24,5,279,59,2.5714285714285716,41.57142857142857
2020-03-11,Wisconsin,6,0,0,0,3,3,0,0.7142857142857143
2020-03-12,Los_Angeles,32,1,1,0,28,4,0.14285714285714285,3
2020-03-12,DMV,30,0,0,0,29,1,0,3.857142857142857
2020-03-12,Atlanta,18,1,0,1,18,0,0.14285714285714285,2.2857142857142856
2020-03-12,New York,96,0,0,0,52,44,0,13.142857142857142
2020-03-12,Philadelphia,1,0,0,0,1,0,NA,NA
2020-03-12,Vermont,2,0,0,0,2,0,NA,NA
2020-03-12,Washington,419,32,29,3,338,81,3,49.142857142857146
2020-03-12,Wisconsin,8,0,0,0,6,2,0,1
2020-03-13,Los_Angeles,40,1,1,0,32,8,0.14285714285714285,3.857142857142857
2020-03-13,DMV,41,0,0,0,30,11,0,5.428571428571429
2020-03-13,Atlanta,18,1,1,0,18,0,0.14285714285714285,2.2857142857142856
2020-03-13,New York,155,0,0,0,96,59,0,21.428571428571427
2020-03-13,Philadelphia,3,0,0,0,1,2,NA,NA
2020-03-13,Vermont,2,0,0,0,2,0,NA,NA
2020-03-13,Washington,511,37,32,5,419,92,3.5714285714285716,60.714285714285715
2020-03-13,Wisconsin,19,0,0,0,8,11,0,2.5714285714285716
2020-03-14,Los_Angeles,53,1,1,0,40,13,0.14285714285714285,5.571428571428571
2020-03-14,DMV,61,0,0,0,41,20,0,8
2020-03-14,Atlanta,36,1,1,0,18,18,0.14285714285714285,4.428571428571429
2020-03-14,New York,269,1,0,1,155,114,0.14285714285714285,36.714285714285715
2020-03-14,Philadelphia,4,0,0,0,3,1,NA,NA
2020-03-14,Vermont,5,0,0,0,2,3,0,0.5714285714285714
2020-03-14,Washington,609,40,37,3,511,98,3.4285714285714284,71.28571428571429
2020-03-14,Wisconsin,27,0,0,0,19,8,0,3.7142857142857144
2020-03-15,Los_Angeles,69,1,1,0,53,16,0.14285714285714285,7.857142857142857
2020-03-15,DMV,67,0,0,0,61,6,0,8.571428571428571
2020-03-15,Atlanta,49,1,1,0,36,13,0.14285714285714285,5.857142857142857
2020-03-15,New York,330,5,1,4,269,61,0.7142857142857143,45.142857142857146
2020-03-15,Philadelphia,8,0,0,0,4,4,NA,NA
2020-03-15,Vermont,8,0,0,0,5,3,0,1
2020-03-15,Washington,675,42,40,2,609,66,3.2857142857142856,76.28571428571429
2020-03-15,Wisconsin,33,0,0,0,27,6,0,4.571428571428571
2020-03-16,Los_Angeles,94,1,1,0,69,25,0.14285714285714285,10.714285714285714
2020-03-16,DMV,77,0,0,0,67,10,0,9.142857142857142
2020-03-16,Atlanta,59,1,1,0,49,10,0.14285714285714285,6.857142857142857
2020-03-16,New York,464,7,5,2,330,134,1,63.42857142857143
2020-03-16,Philadelphia,8,0,0,0,8,0,NA,NA
2020-03-16,Vermont,12,0,0,0,8,4,0,1.5714285714285714
2020-03-16,Washington,794,48,42,6,675,119,3.7142857142857144,87.85714285714286
2020-03-16,Wisconsin,47,0,0,0,33,14,0,6.428571428571429
2020-03-17,Los_Angeles,144,1,1,0,94,50,0.14285714285714285,17.714285714285715
2020-03-17,DMV,107,0,0,0,77,30,0,12.714285714285714
2020-03-17,Atlanta,73,1,1,0,59,14,0.14285714285714285,8.285714285714286
2020-03-17,New York,645,10,7,3,464,181,1.4285714285714286,86.85714285714286
2020-03-17,Philadelphia,10,0,0,0,8,2,0,1.2857142857142858
2020-03-17,Vermont,14,0,0,0,12,2,0,1.8571428571428572
2020-03-17,Washington,908,54,48,6,794,114,4.285714285714286,89.85714285714286
2020-03-17,Wisconsin,72,0,0,0,47,25,0,9.857142857142858
2020-03-18,Los_Angeles,190,1,1,0,144,46,0,23.142857142857142
2020-03-18,DMV,130,1,0,1,107,23,0.14285714285714285,14.428571428571429
2020-03-18,Atlanta,96,1,1,0,73,23,0.14285714285714285,11.142857142857142
2020-03-18,New York,1339,20,10,10,645,694,2.857142857142857,183.85714285714286
2020-03-18,Philadelphia,17,0,0,0,10,7,0,2.2857142857142856
2020-03-18,Vermont,19,0,0,0,14,5,0,2.4285714285714284
2020-03-18,Washington,1026,68,54,14,908,118,5.571428571428571,98.28571428571429
2020-03-18,Wisconsin,106,0,0,0,72,34,0,14.285714285714286
2020-03-19,Los_Angeles,231,2,1,1,190,41,0.14285714285714285,28.428571428571427
2020-03-19,DMV,152,1,1,0,130,22,0.14285714285714285,17.428571428571427
2020-03-19,Atlanta,128,3,1,2,96,32,0.2857142857142857,15.714285714285714
2020-03-19,New York,2468,22,20,2,1339,1129,3.142857142857143,338.85714285714283
2020-03-19,Philadelphia,33,0,0,0,17,16,0,4.571428571428571
2020-03-19,Vermont,22,2,0,2,19,3,0.2857142857142857,2.857142857142857
2020-03-19,Washington,1228,75,68,7,1026,202,6.142857142857143,115.57142857142857
2020-03-19,Wisconsin,155,2,0,2,106,49,0.2857142857142857,21
2020-03-20,Los_Angeles,292,2,2,0,231,61,0.14285714285714285,36
2020-03-20,DMV,219,1,1,0,152,67,0.14285714285714285,25.428571428571427
2020-03-20,Atlanta,186,4,3,1,128,58,0.42857142857142855,24
2020-03-20,New York,4408,43,22,21,2468,1940,6.142857142857143,607.5714285714286
2020-03-20,Philadelphia,42,0,0,0,33,9,0,5.571428571428571
2020-03-20,Vermont,29,2,2,0,22,7,0.2857142857142857,3.857142857142857
2020-03-20,Washington,1404,83,75,8,1228,176,6.571428571428571,127.57142857142857
2020-03-20,Wisconsin,216,3,2,1,155,61,0.42857142857142855,28.142857142857142
2020-03-21,Los_Angeles,351,4,2,2,292,59,0.42857142857142855,42.57142857142857
2020-03-21,DMV,273,4,1,3,219,54,0.5714285714285714,30.285714285714285
2020-03-21,Atlanta,198,8,4,4,186,12,1,23.142857142857142
2020-03-21,New York,6211,60,43,17,4408,1803,8.428571428571429,848.8571428571429
2020-03-21,Philadelphia,69,0,0,0,42,27,0,9.285714285714286
2020-03-21,Vermont,49,2,2,0,29,20,0.2857142857142857,6.285714285714286
2020-03-21,Washington,1655,95,83,12,1404,251,7.857142857142857,149.42857142857142
2020-03-21,Wisconsin,281,4,3,1,216,65,0.5714285714285714,36.285714285714285
2020-03-22,Los_Angeles,421,5,4,1,351,70,0.5714285714285714,50.285714285714285
2020-03-22,DMV,335,4,4,0,273,62,0.5714285714285714,38.285714285714285
2020-03-22,Atlanta,231,8,8,0,198,33,1,26
2020-03-22,New York,9045,99,60,39,6211,2834,13.428571428571429,1245
2020-03-22,Philadelphia,91,0,0,0,69,22,0,11.857142857142858
2020-03-22,Vermont,52,2,2,0,49,3,0.2857142857142857,6.285714285714286
2020-03-22,Washington,1844,97,95,2,1655,189,7.857142857142857,167
2020-03-22,Wisconsin,382,4,4,0,281,101,0.5714285714285714,49.857142857142854
2020-03-23,Los_Angeles,536,7,5,2,421,115,0.8571428571428571,63.142857142857146
2020-03-23,DMV,391,5,4,1,335,56,0.7142857142857143,44.857142857142854
2020-03-23,Atlanta,305,8,8,0,231,74,1,35.142857142857146
2020-03-23,New York,12305,131,99,32,9045,3260,17.714285714285715,1691.5714285714287
2020-03-23,Philadelphia,128,0,0,0,91,37,0,17.142857142857142
2020-03-23,Vermont,75,2,2,0,52,23,0.2857142857142857,9
2020-03-23,Washington,2101,110,97,13,1844,257,8.857142857142858,186.71428571428572
2020-03-23,Wisconsin,418,5,4,1,382,36,0.7142857142857143,53
2020-03-24,Los_Angeles,662,11,7,4,536,126,1.4285714285714286,74
2020-03-24,DMV,459,6,5,1,391,68,0.8571428571428571,50.285714285714285
2020-03-24,Atlanta,388,9,8,1,305,83,1.1428571428571428,45
2020-03-24,New York,14905,192,131,61,12305,2600,26,2037.142857142857
2020-03-24,Philadelphia,177,0,0,0,128,49,0,23.857142857142858
2020-03-24,Vermont,116,7,2,5,75,41,1,14.571428571428571
2020-03-24,Washington,2392,123,110,13,2101,291,9.857142857142858,212
2020-03-24,Wisconsin,481,5,5,0,418,63,0.7142857142857143,58.42857142857143
2020-03-25,Los_Angeles,799,13,11,2,662,137,1.7142857142857142,87
2020-03-25,DMV,599,6,6,0,459,140,0.7142857142857143,67
2020-03-25,Atlanta,438,9,9,0,388,50,1.1428571428571428,48.857142857142854
2020-03-25,New York,20011,280,192,88,14905,5106,37.142857142857146,2667.4285714285716
2020-03-25,Philadelphia,257,1,0,1,177,80,0.14285714285714285,34.285714285714285
2020-03-25,Vermont,146,7,7,0,116,30,1,18.142857142857142
2020-03-25,Washington,2585,130,123,7,2392,193,8.857142857142858,222.71428571428572
2020-03-25,Wisconsin,623,7,5,2,481,142,1,73.85714285714286
2020-03-26,Los_Angeles,1216,21,13,8,799,417,2.7142857142857144,140.71428571428572
2020-03-26,DMV,826,7,6,1,599,227,0.8571428571428571,96.28571428571429
2020-03-26,Atlanta,487,9,9,0,438,49,0.8571428571428571,51.285714285714285
2020-03-26,New York,23112,365,280,85,20011,3101,49,2949.1428571428573
2020-03-26,Philadelphia,402,1,1,0,257,145,0.14285714285714285,52.714285714285715
2020-03-26,Vermont,173,9,7,2,146,27,1,21.571428571428573
2020-03-26,Washington,3143,152,130,22,2585,558,11,273.57142857142856
2020-03-26,Wisconsin,754,10,7,3,623,131,1.1428571428571428,85.57142857142857
2020-03-27,Los_Angeles,1465,27,21,6,1216,249,3.5714285714285716,167.57142857142858
2020-03-27,DMV,981,8,7,1,826,155,1,108.85714285714286
2020-03-27,Atlanta,729,19,9,10,487,242,2.142857142857143,77.57142857142857
2020-03-27,New York,25399,450,365,85,23112,2287,58.142857142857146,2998.714285714286
2020-03-27,Philadelphia,530,2,1,1,402,128,0.2857142857142857,69.71428571428571
2020-03-27,Vermont,201,10,9,1,173,28,1.1428571428571428,24.571428571428573
2020-03-27,Washington,3727,179,152,27,3143,584,13.714285714285714,331.85714285714283
2020-03-27,Wisconsin,930,16,10,6,754,176,1.8571428571428572,102
2020-03-28,Los_Angeles,1804,33,27,6,1465,339,4.142857142857143,207.57142857142858
2020-03-28,DMV,1211,11,8,3,981,230,1,134
2020-03-28,Atlanta,809,25,19,6,729,80,2.4285714285714284,87.28571428571429
2020-03-28,New York,30766,672,450,222,25399,5367,87.42857142857143,3507.8571428571427
2020-03-28,Philadelphia,709,5,2,3,530,179,0.7142857142857143,91.42857142857143
2020-03-28,Vermont,227,12,10,2,201,26,1.4285714285714286,25.428571428571427
2020-03-28,Washington,4153,193,179,14,3727,426,14,356.85714285714283
2020-03-28,Wisconsin,1042,17,16,1,930,112,1.8571428571428572,108.71428571428571
2020-03-29,Los_Angeles,2136,37,33,4,1804,332,4.571428571428571,245
2020-03-29,DMV,1427,14,11,3,1211,216,1.4285714285714286,156
2020-03-29,Atlanta,926,24,25,-1,809,117,2.2857142857142856,99.28571428571429
2020-03-29,New York,33768,776,672,104,30766,3002,96.71428571428571,3531.8571428571427
2020-03-29,Philadelphia,865,5,5,0,709,156,0.7142857142857143,110.57142857142857
2020-03-29,Vermont,251,12,12,0,227,24,1.4285714285714286,28.428571428571427
2020-03-29,Washington,4634,209,193,16,4153,481,16,398.57142857142856
2020-03-29,Wisconsin,1120,17,17,0,1042,78,1.8571428571428572,105.42857142857143
2020-03-30,Los_Angeles,2474,44,37,7,2136,338,5.285714285714286,276.85714285714283
2020-03-30,DMV,1636,22,14,8,1427,209,2.4285714285714284,177.85714285714286
2020-03-30,Atlanta,1047,30,24,6,926,121,3.142857142857143,106
2020-03-30,New York,38087,914,776,138,33768,4319,111.85714285714286,3683.1428571428573
2020-03-30,Philadelphia,1072,7,5,2,865,207,1,134.85714285714286
2020-03-30,Vermont,277,12,12,0,251,26,1.4285714285714286,28.857142857142858
2020-03-30,Washington,4936,221,209,12,4634,302,15.857142857142858,405
2020-03-30,Wisconsin,1269,20,17,3,1120,149,2.142857142857143,121.57142857142857
2020-03-31,Los_Angeles,3011,54,44,10,2474,537,6.142857142857143,335.57142857142856
2020-03-31,DMV,1927,23,22,1,1636,291,2.4285714285714284,209.71428571428572
2020-03-31,Atlanta,1246,35,30,5,1047,199,3.7142857142857144,122.57142857142857
2020-03-31,New York,43139,1096,914,182,38087,5052,129.14285714285714,4033.4285714285716
2020-03-31,Philadelphia,1315,14,7,7,1072,243,2,162.57142857142858
2020-03-31,Vermont,305,13,12,1,277,28,0.8571428571428571,27
2020-03-31,Washington,5061,226,221,5,4936,125,14.714285714285714,381.2857142857143
2020-03-31,Wisconsin,1351,25,20,5,1269,82,2.857142857142857,124.28571428571429
2020-04-01,Los_Angeles,3518,65,54,11,3011,507,7.428571428571429,388.42857142857144
2020-04-01,DMV,2275,29,23,6,1927,348,3.2857142857142856,239.42857142857142
2020-04-01,Atlanta,1302,39,35,4,1246,56,4.285714285714286,123.42857142857143
2020-04-01,New York,47440,1374,1096,278,43139,4301,156.28571428571428,3918.4285714285716
2020-04-01,Philadelphia,1478,14,14,0,1315,163,1.8571428571428572,174.42857142857142
2020-04-01,Vermont,330,16,13,3,305,25,1.2857142857142858,26.285714285714285
2020-04-01,Washington,5588,250,226,24,5061,527,17.142857142857142,429
2020-04-01,Wisconsin,1552,33,25,8,1351,201,3.7142857142857144,132.71428571428572
2020-04-02,Los_Angeles,4045,78,65,13,3518,527,8.142857142857142,404.14285714285717
2020-04-02,DMV,2601,35,29,6,2275,326,4,253.57142857142858
2020-04-02,Atlanta,1497,48,39,9,1302,195,5.571428571428571,144.28571428571428
2020-04-02,New York,51810,1562,1374,188,47440,4370,171,4099.714285714285
2020-04-02,Philadelphia,1852,14,14,0,1478,374,1.8571428571428572,207.14285714285714
2020-04-02,Vermont,338,17,16,1,330,8,1.1428571428571428,23.571428571428573
2020-04-02,Washington,6075,272,250,22,5588,487,17.142857142857142,418.85714285714283
2020-04-02,Wisconsin,1730,37,33,4,1552,178,3.857142857142857,139.42857142857142
2020-04-03,Los_Angeles,4566,89,78,11,4045,521,8.857142857142858,443
2020-04-03,DMV,3002,46,35,11,2601,401,5.428571428571429,288.7142857142857
2020-04-03,Atlanta,1815,54,48,6,1497,318,5,155.14285714285714
2020-04-03,New York,57160,1867,1562,305,51810,5350,202.42857142857142,4537.285714285715
2020-04-03,Philadelphia,2284,14,14,0,1852,432,1.7142857142857142,250.57142857142858
2020-04-03,Vermont,389,17,17,0,338,51,1,26.857142857142858
2020-04-03,Washington,6490,293,272,21,6075,415,16.285714285714285,394.7142857142857
2020-04-03,Wisconsin,1916,50,37,13,1730,186,4.857142857142857,140.85714285714286
2020-04-04,Los_Angeles,5277,117,89,28,4566,711,12,496.14285714285717
2020-04-04,DMV,3435,58,46,12,3002,433,6.714285714285714,317.7142857142857
2020-04-04,Atlanta,1951,58,54,4,1815,136,4.714285714285714,163.14285714285714
2020-04-04,New York,63307,2254,1867,387,57160,6147,226,4648.714285714285
2020-04-04,Philadelphia,2610,24,14,10,2284,326,2.7142857142857144,271.57142857142856
2020-04-04,Vermont,461,20,17,3,389,72,1.1428571428571428,33.42857142857143
2020-04-04,Washington,6788,318,293,25,6490,298,17.857142857142858,376.42857142857144
2020-04-04,Wisconsin,2112,60,50,10,1916,196,6.142857142857143,152.85714285714286
2020-04-05,Los_Angeles,5940,132,117,15,5277,663,13.571428571428571,543.4285714285714
2020-04-05,DMV,3865,67,58,9,3435,430,7.571428571428571,348.2857142857143
2020-04-05,Atlanta,1993,61,58,3,1951,42,5.285714285714286,152.42857142857142
2020-04-05,New York,67552,2472,2254,218,63307,4245,242.28571428571428,4826.285714285715
2020-04-05,Philadelphia,3135,28,24,4,2610,525,3.2857142857142856,324.2857142857143
2020-04-05,Vermont,512,22,20,2,461,51,1.4285714285714286,37.285714285714285
2020-04-05,Washington,7369,344,318,26,6788,581,19.285714285714285,390.7142857142857
2020-04-05,Wisconsin,2267,73,60,13,2112,155,8,163.85714285714286
2020-04-06,Los_Angeles,6360,147,132,15,5940,420,14.714285714285714,555.1428571428571
2020-04-06,DMV,4361,85,67,18,3865,496,9,389.2857142857143
2020-04-06,Atlanta,2170,69,61,8,1993,177,5.571428571428571,160.42857142857142
2020-04-06,New York,72181,3485,2472,1013,67552,4629,367.2857142857143,4870.571428571428
2020-04-06,Philadelphia,3611,28,28,0,3135,476,3,362.7142857142857
2020-04-06,Vermont,543,23,22,1,512,31,1.5714285714285714,38
2020-04-06,Washington,8384,383,344,39,7369,1015,23.142857142857142,492.57142857142856
2020-04-06,Wisconsin,2440,83,73,10,2267,173,9,167.28571428571428
2020-04-07,Los_Angeles,6910,169,147,22,6360,550,16.428571428571427,557
2020-04-07,DMV,4840,93,85,8,4361,479,10,416.14285714285717
2020-04-07,Atlanta,2424,79,69,10,2170,254,6.285714285714286,168.28571428571428
2020-04-07,New York,76876,4009,3485,524,72181,4695,416.14285714285717,4819.571428571428
2020-04-07,Philadelphia,4012,58,28,30,3611,401,6.285714285714286,385.2857142857143
2020-04-07,Vermont,575,23,23,0,543,32,1.4285714285714286,38.57142857142857
2020-04-07,Washington,8682,409,383,26,8384,298,26.142857142857142,517.2857142857143
2020-04-07,Wisconsin,2578,94,83,11,2440,138,9.857142857142858,175.28571428571428
2020-04-08,Los_Angeles,7530,198,169,29,6910,620,19,573.1428571428571
2020-04-08,DMV,5810,110,93,17,4840,970,11.571428571428571,505
2020-04-08,Atlanta,2601,83,79,4,2424,177,6.285714285714286,185.57142857142858
2020-04-08,New York,81803,4571,4009,562,76876,4927,456.7142857142857,4909
2020-04-08,Philadelphia,4456,86,58,28,4012,444,10.285714285714286,425.42857142857144
2020-04-08,Vermont,605,23,23,0,575,30,1,39.285714285714285
2020-04-08,Washington,9097,430,409,21,8682,415,25.714285714285715,501.2857142857143
2020-04-08,Wisconsin,2756,107,94,13,2578,178,10.571428571428571,172
2020-04-09,Los_Angeles,7955,223,198,25,7530,425,20.714285714285715,558.5714285714286
2020-04-09,DMV,6445,130,110,20,5810,635,13.571428571428571,549.1428571428571
2020-04-09,Atlanta,2755,93,83,10,2601,154,6.428571428571429,179.71428571428572
2020-04-09,New York,87028,5150,4571,579,81803,5225,512.5714285714286,5031.142857142857
2020-04-09,Philadelphia,5029,86,86,0,4456,573,10.285714285714286,453.85714285714283
2020-04-09,Vermont,628,23,23,0,605,23,0.8571428571428571,41.42857142857143
2020-04-09,Washington,9608,456,430,26,9097,511,26.285714285714285,504.7142857142857
2020-04-09,Wisconsin,2885,116,107,9,2756,129,11.285714285714286,165
2020-04-10,Los_Angeles,8430,241,223,18,7955,475,21.714285714285715,552
2020-04-10,DMV,7261,153,130,23,6445,816,15.285714285714286,608.4285714285714
2020-04-10,Atlanta,2924,96,93,3,2755,169,6,158.42857142857142
2020-04-10,New York,92384,5663,5150,513,87028,5356,542.2857142857143,5032
2020-04-10,Philadelphia,5521,110,86,24,5029,492,13.714285714285714,462.42857142857144
2020-04-10,Vermont,679,24,23,1,628,51,1,41.42857142857143
2020-04-10,Washington,9887,483,456,27,9608,279,27.142857142857142,485.2857142857143
2020-04-10,Wisconsin,3068,131,116,15,2885,183,11.571428571428571,164.57142857142858
2020-04-11,Los_Angeles,8873,265,241,24,8430,443,21.142857142857142,513.7142857142857
2020-04-11,DMV,8094,176,153,23,7261,833,16.857142857142858,665.5714285714286
2020-04-11,Atlanta,2999,96,96,0,2924,75,5.428571428571429,149.71428571428572
2020-04-11,New York,98308,6202,5663,539,92384,5924,564,5000.142857142857
2020-04-11,Philadelphia,6022,130,110,20,5521,501,15.142857142857142,487.42857142857144
2020-04-11,Vermont,711,25,24,1,679,32,0.7142857142857143,35.714285714285715
2020-04-11,Washington,10224,498,483,15,9887,337,25.714285714285715,490.85714285714283
2020-04-11,Wisconsin,3213,141,131,10,3068,145,11.571428571428571,157.28571428571428
2020-04-12,Los_Angeles,9192,296,265,31,8873,319,23.428571428571427,464.57142857142856
2020-04-12,DMV,8550,202,176,26,8094,456,19.285714285714285,669.2857142857143
2020-04-12,Atlanta,3116,99,96,3,2999,117,5.428571428571429,160.42857142857142
2020-04-12,New York,103208,6717,6202,515,98308,4900,606.4285714285714,5093.714285714285
2020-04-12,Philadelphia,6352,128,130,-2,6022,330,14.285714285714286,459.57142857142856
2020-04-12,Vermont,731,27,25,2,711,20,0.7142857142857143,31.285714285714285
2020-04-12,Washington,10411,511,498,13,10224,187,23.857142857142858,434.57142857142856
2020-04-12,Wisconsin,3341,145,141,4,3213,128,10.285714285714286,153.42857142857142
2020-04-13,Los_Angeles,9420,320,296,24,9192,228,24.714285714285715,437.14285714285717
2020-04-13,DMV,9254,231,202,29,8550,704,20.857142857142858,699
2020-04-13,Atlanta,3457,103,99,4,3116,341,4.857142857142857,183.85714285714286
2020-04-13,New York,106764,7154,6717,437,103208,3556,524.1428571428571,4940.428571428572
2020-04-13,Philadelphia,6810,127,128,-1,6352,458,14.142857142857142,457
2020-04-13,Vermont,748,28,27,1,731,17,0.7142857142857143,29.285714285714285
2020-04-13,Washington,10538,525,511,14,10411,127,20.285714285714285,307.7142857142857
2020-04-13,Wisconsin,3428,155,145,10,3341,87,10.285714285714286,141.14285714285714
2020-04-14,Los_Angeles,10047,360,320,40,9420,627,27.285714285714285,448.14285714285717
2020-04-14,DMV,9860,275,231,44,9254,606,26,717.1428571428571
2020-04-14,Atlanta,3851,116,103,13,3457,394,5.285714285714286,203.85714285714286
2020-04-14,New York,110465,7690,7154,536,106764,3701,525.8571428571429,4798.428571428572
2020-04-14,Philadelphia,7130,206,127,79,6810,320,21.142857142857142,445.42857142857144
2020-04-14,Vermont,752,29,28,1,748,4,0.8571428571428571,25.285714285714285
2020-04-14,Washington,10694,552,525,27,10538,156,20.428571428571427,287.42857142857144
2020-04-14,Wisconsin,3555,172,155,17,3428,127,11.142857142857142,139.57142857142858
2020-04-15,Los_Angeles,10496,402,360,42,10047,449,29.142857142857142,423.7142857142857
2020-04-15,DMV,10451,272,275,-3,9860,591,23.142857142857142,663
2020-04-15,Atlanta,4077,123,116,7,3851,226,5.714285714285714,210.85714285714286
2020-04-15,New York,118302,8215,7690,525,110465,7837,520.5714285714286,5214.142857142857
2020-04-15,Philadelphia,7441,222,206,16,7130,311,19.428571428571427,426.42857142857144
2020-04-15,Vermont,759,30,29,1,752,7,1,22
2020-04-15,Washington,10783,572,552,20,10694,89,20.285714285714285,240.85714285714286
2020-04-15,Wisconsin,3721,184,172,12,3555,166,11,137.85714285714286
2020-04-16,Los_Angeles,10854,455,402,53,10496,358,33.142857142857146,414.14285714285717
2020-04-16,DMV,11248,297,272,25,10451,797,23.857142857142858,686.1428571428571
2020-04-16,Atlanta,4219,136,123,13,4077,142,6.142857142857143,209.14285714285714
2020-04-16,New York,123146,8632,8215,417,118302,4844,497.42857142857144,5159.714285714285
2020-04-16,Philadelphia,8045,264,222,42,7441,604,25.428571428571427,430.85714285714283
2020-04-16,Vermont,768,35,30,5,759,9,1.7142857142857142,20
2020-04-16,Washington,11152,588,572,16,10783,369,18.857142857142858,220.57142857142858
2020-04-16,Wisconsin,3875,197,184,13,3721,154,11.571428571428571,141.42857142857142
2020-04-17,Los_Angeles,11391,495,455,40,10854,537,36.285714285714285,423
2020-04-17,DMV,12050,330,297,33,11248,802,25.285714285714285,684.1428571428571
2020-04-17,Atlanta,4488,148,136,12,4219,269,7.428571428571429,223.42857142857142
2020-04-17,New York,127352,8632,8632,0,123146,4206,424.14285714285717,4995.428571428572
2020-04-17,Philadelphia,8563,298,264,34,8045,518,26.857142857142858,434.57142857142856
2020-04-17,Vermont,779,35,35,0,768,11,1.5714285714285714,14.285714285714286
2020-04-17,Washington,11445,610,588,22,11152,293,18.142857142857142,222.57142857142858
2020-04-17,Wisconsin,4045,205,197,8,3875,170,10.571428571428571,139.57142857142858
2020-04-18,Los_Angeles,12021,576,495,81,11391,630,44.42857142857143,449.7142857142857
2020-04-18,DMV,12884,351,330,21,12050,834,25,684.2857142857143
2020-04-18,Atlanta,4577,149,148,1,4488,89,7.571428571428571,225.42857142857142
2020-04-18,New York,131273,8632,8632,0,127352,3921,347.14285714285717,4709.285714285715
2020-04-18,Philadelphia,9014,342,298,44,8563,451,30.285714285714285,427.42857142857144
2020-04-18,Vermont,803,37,35,2,779,24,1.7142857142857142,13.142857142857142
2020-04-18,Washington,11802,629,610,19,11445,357,18.714285714285715,225.42857142857142
2020-04-18,Wisconsin,4199,212,205,7,4045,154,10.142857142857142,140.85714285714286
2020-04-19,Los_Angeles,12341,600,576,24,12021,320,43.42857142857143,449.85714285714283
2020-04-19,DMV,13652,396,351,45,12884,768,27.714285714285715,728.8571428571429
2020-04-19,Atlanta,4752,153,149,4,4577,175,7.714285714285714,233.71428571428572
2020-04-19,New York,134446,9708,8632,1076,131273,3173,427.2857142857143,4462.571428571428
2020-04-19,Philadelphia,9214,365,342,23,9014,200,33.857142857142854,408.85714285714283
2020-04-19,Vermont,812,37,37,0,803,9,1.4285714285714286,11.571428571428571
2020-04-19,Washington,11806,637,629,8,11802,4,18,199.28571428571428
2020-04-19,Wisconsin,4346,222,212,10,4199,147,11,143.57142857142858
2020-04-20,Los_Angeles,13816,617,600,17,12341,1475,42.42857142857143,628
2020-04-20,DMV,14445,445,396,49,13652,793,30.571428571428573,741.5714285714286
2020-04-20,Atlanta,4914,162,153,9,4752,162,8.428571428571429,208.14285714285714
2020-04-20,New York,136816,10009,9708,301,134446,2370,407.85714285714283,4293.142857142857
2020-04-20,Philadelphia,9553,370,365,5,9214,339,34.714285714285715,391.85714285714283
2020-04-20,Vermont,816,38,37,1,812,4,1.4285714285714286,9.714285714285714
2020-04-20,Washington,12191,661,637,24,11806,385,19.428571428571427,236.14285714285714
2020-04-20,Wisconsin,4499,231,222,9,4346,153,10.857142857142858,153
2020-04-21,Los_Angeles,15140,663,617,46,13816,1324,43.285714285714285,727.5714285714286
2020-04-21,DMV,15244,501,445,56,14445,799,32.285714285714285,769.1428571428571
2020-04-21,Atlanta,4999,173,162,11,4914,85,8.142857142857142,164
2020-04-21,New York,139335,10301,10009,292,136816,2519,373,4124.285714285715
2020-04-21,Philadelphia,10028,394,370,24,9553,475,26.857142857142858,414
2020-04-21,Vermont,818,40,38,2,816,2,1.5714285714285714,9.428571428571429
2020-04-21,Washington,12345,683,661,22,12191,154,18.714285714285715,235.85714285714286
2020-04-21,Wisconsin,4620,243,231,12,4499,121,10.142857142857142,152.14285714285714
2020-04-22,Los_Angeles,16435,729,663,66,15140,1295,46.714285714285715,848.4285714285714
2020-04-22,DMV,15940,557,501,56,15244,696,40.714285714285715,784.1428571428571
2020-04-22,Atlanta,5136,179,173,6,4999,137,8,151.28571428571428
2020-04-22,New York,142442,10614,10301,313,139335,3107,342.7142857142857,3448.5714285714284
2020-04-22,Philadelphia,10643,419,394,25,10028,615,28.142857142857142,457.42857142857144
2020-04-22,Vermont,823,40,40,0,818,5,1.4285714285714286,9.142857142857142
2020-04-22,Washington,12539,696,683,13,12345,194,17.714285714285715,250.85714285714286
2020-04-22,Wisconsin,4845,247,243,4,4620,225,9,160.57142857142858
2020-04-23,Los_Angeles,17508,797,729,68,16435,1073,48.857142857142854,950.5714285714286
2020-04-23,DMV,16935,615,557,58,15940,995,45.42857142857143,812.4285714285714
2020-04-23,Atlanta,5451,188,179,9,5136,315,7.428571428571429,176
2020-04-23,New York,145855,10889,10614,275,142442,3413,322.42857142857144,3244.1428571428573
2020-04-23,Philadelphia,11226,443,419,24,10643,583,25.571428571428573,454.42857142857144
2020-04-23,Vermont,825,43,40,3,823,2,1.1428571428571428,8.142857142857142
2020-04-23,Washington,12906,717,696,21,12539,367,18.428571428571427,250.57142857142858
2020-04-23,Wisconsin,5052,257,247,10,4845,207,8.571428571428571,168.14285714285714
2020-04-24,Los_Angeles,18545,850,797,53,17508,1037,50.714285714285715,1022
2020-04-24,DMV,17958,663,615,48,16935,1023,47.57142857142857,844
2020-04-24,Atlanta,5589,199,188,11,5451,138,7.285714285714286,157.28571428571428
2020-04-24,New York,150484,11157,10889,268,145855,4629,360.7142857142857,3304.5714285714284
2020-04-24,Philadelphia,11877,449,443,6,11226,651,21.571428571428573,473.42857142857144
2020-04-24,Vermont,827,44,43,1,825,2,1.2857142857142858,6.857142857142857
2020-04-24,Washington,13120,731,717,14,12906,214,17.285714285714285,239.28571428571428
2020-04-24,Wisconsin,5356,262,257,5,5052,304,8.142857142857142,187.28571428571428
2020-04-25,Los_Angeles,19107,895,850,45,18545,562,45.57142857142857,1012.2857142857143
2020-04-25,DMV,19227,726,663,63,17958,1269,53.57142857142857,906.1428571428571
2020-04-25,Atlanta,5726,201,199,2,5589,137,7.428571428571429,164.14285714285714
2020-04-25,New York,155124,11419,11157,262,150484,4640,398.14285714285717,3407.285714285714
2020-04-25,Philadelphia,12329,466,449,17,11877,452,17.714285714285715,473.57142857142856
2020-04-25,Vermont,843,46,44,2,827,16,1.2857142857142858,5.714285714285714
2020-04-25,Washington,13484,743,731,12,13120,364,16.285714285714285,240.28571428571428
2020-04-25,Wisconsin,5687,266,262,4,5356,331,7.714285714285714,212.57142857142858
2020-04-26,Los_Angeles,19528,913,895,18,19107,421,44.714285714285715,1026.7142857142858
2020-04-26,DMV,20114,757,726,31,19227,887,51.57142857142857,923.1428571428571
2020-04-26,Atlanta,5773,205,201,4,5726,47,7.428571428571429,145.85714285714286
2020-04-26,New York,158268,11648,11419,229,155124,3144,277.14285714285717,3403.1428571428573
2020-04-26,Philadelphia,12566,472,466,6,12329,237,15.285714285714286,478.85714285714283
2020-04-26,Vermont,851,46,46,0,843,8,1.2857142857142858,5.571428571428571
2020-04-26,Washington,13663,757,743,14,13484,179,17.142857142857142,265.2857142857143
2020-04-26,Wisconsin,5911,274,266,8,5687,224,7.428571428571429,223.57142857142858
2020-04-27,Los_Angeles,20417,942,913,29,19528,889,46.42857142857143,943
2020-04-27,DMV,20986,830,757,73,20114,872,55,934.4285714285714
2020-04-27,Atlanta,6018,226,205,21,5773,245,9.142857142857142,157.71428571428572
2020-04-27,New York,160499,11857,11648,209,158268,2231,264,3383.285714285714
2020-04-27,Philadelphia,12868,484,472,12,12566,302,16.285714285714285,473.57142857142856
2020-04-27,Vermont,855,47,46,1,851,4,1.2857142857142858,5.571428571428571
2020-04-27,Washington,13864,771,757,14,13663,201,15.714285714285714,239
2020-04-27,Wisconsin,6081,281,274,7,5911,170,7.142857142857143,226
2020-04-28,Los_Angeles,20976,1000,942,58,20417,559,48.142857142857146,833.7142857142857
2020-04-28,DMV,21988,874,830,44,20986,1002,53.285714285714285,963.4285714285714
2020-04-28,Atlanta,6199,233,226,7,6018,181,8.571428571428571,171.42857142857142
2020-04-28,New York,162348,12067,11857,210,160499,1849,252.28571428571428,3287.5714285714284
2020-04-28,Philadelphia,13445,516,484,32,12868,577,17.428571428571427,488.14285714285717
2020-04-28,Vermont,862,47,47,0,855,7,1,6.285714285714286
2020-04-28,Washington,14059,792,771,21,13864,195,15.571428571428571,244.85714285714286
2020-04-28,Wisconsin,6289,300,281,19,6081,208,8.142857142857142,238.42857142857142
2020-04-29,Los_Angeles,22485,1056,1000,56,20976,1509,46.714285714285715,864.2857142857143
2020-04-29,DMV,22932,946,874,72,21988,944,55.57142857142857,998.8571428571429
2020-04-29,Atlanta,6346,250,233,17,6199,147,10.142857142857142,172.85714285714286
2020-04-29,New York,164852,12325,12067,258,162348,2504,244.42857142857142,3201.4285714285716
2020-04-29,Philadelphia,13445,516,516,0,13445,0,13.857142857142858,400.2857142857143
2020-04-29,Vermont,862,47,47,0,862,0,1,5.571428571428571
2020-04-29,Washington,14378,805,792,13,14059,319,15.571428571428571,262.7142857142857
2020-04-29,Wisconsin,6520,308,300,8,6289,231,8.714285714285714,239.28571428571428
2020-04-30,Los_Angeles,23182,1111,1056,55,22485,697,44.857142857142854,810.5714285714286
2020-04-30,DMV,24035,1024,946,78,22932,1103,58.42857142857143,1014.2857142857143
2020-04-30,Atlanta,6469,259,250,9,6346,123,10.142857142857142,145.42857142857142
2020-04-30,New York,167489,12514,12325,189,164852,2637,232.14285714285714,3090.5714285714284
2020-04-30,Philadelphia,14468,607,516,91,13445,1023,23.428571428571427,463.14285714285717
2020-04-30,Vermont,866,49,47,2,862,4,0.8571428571428571,5.857142857142857
2020-04-30,Washington,14696,822,805,17,14378,318,15,255.71428571428572
2020-04-30,Wisconsin,6854,316,308,8,6520,334,8.428571428571429,257.42857142857144
2020-05-01,Los_Angeles,24215,1172,1111,61,23182,1033,46,810
2020-05-01,DMV,26207,1048,1024,24,24035,2172,55,1178.4285714285713
2020-05-01,Atlanta,6632,267,259,8,6469,163,9.714285714285714,149
2020-05-01,New York,169701,12700,12514,186,167489,2212,220.42857142857142,2745.285714285714
2020-05-01,Philadelphia,15137,638,607,31,14468,669,27,465.7142857142857
2020-05-01,Vermont,879,50,49,1,866,13,0.8571428571428571,7.428571428571429
2020-05-01,Washington,15010,829,822,7,14696,314,14,270
2020-05-01,Wisconsin,7314,327,316,11,6854,460,9.285714285714286,279.7142857142857
2020-05-02,Los_Angeles,24894,1209,1172,37,24215,679,44.857142857142854,826.7142857142857
2020-05-02,DMV,27263,1130,1048,82,26207,1056,57.714285714285715,1148
2020-05-02,Atlanta,6825,270,267,3,6632,193,9.857142857142858,157
2020-05-02,New York,172364,12895,12700,195,169701,2663,210.85714285714286,2462.8571428571427
2020-05-02,Philadelphia,15527,705,638,67,15137,390,34.142857142857146,456.85714285714283
2020-05-02,Vermont,886,51,50,1,879,7,0.7142857142857143,6.142857142857143
2020-05-02,Washington,15253,833,829,4,15010,243,12.857142857142858,252.71428571428572
2020-05-02,Wisconsin,7660,334,327,7,7314,346,9.714285714285714,281.85714285714283
2020-05-03,Los_Angeles,25662,1229,1209,20,24894,768,45.142857142857146,876.2857142857143
2020-05-03,DMV,28631,1197,1130,67,27263,1368,62.857142857142854,1216.7142857142858
2020-05-03,Atlanta,6933,274,270,4,6825,108,9.857142857142858,165.71428571428572
2020-05-03,New York,174341,13064,12895,169,172364,1977,202.28571428571428,2296.1428571428573
2020-05-03,Philadelphia,15854,727,705,22,15527,327,36.42857142857143,469.7142857142857
2020-05-03,Vermont,897,53,51,2,886,11,1,6.571428571428571
2020-05-03,Washington,15580,840,833,7,15253,327,11.857142857142858,273.85714285714283
2020-05-03,Wisconsin,7964,339,334,5,7660,304,9.285714285714286,293.2857142857143
2020-02-20,Catalunya,0,NA,NA,NA,NA,NA,NA,NA
2020-02-20,Madrid,NA,NA,NA,NA,NA,NA,NA,NA
2020-02-21,Catalunya,0,NA,NA,NA,0,0,NA,NA
2020-02-21,Madrid,NA,NA,NA,NA,NA,NA,NA,NA
2020-02-22,Catalunya,0,NA,NA,NA,0,0,NA,NA
2020-02-22,Madrid,NA,NA,NA,NA,NA,NA,NA,NA
2020-02-23,Catalunya,0,NA,NA,NA,0,0,NA,NA
2020-02-23,Madrid,NA,NA,NA,NA,NA,NA,NA,NA
2020-02-24,Catalunya,0,NA,NA,NA,0,0,NA,NA
2020-02-24,Madrid,NA,NA,NA,NA,NA,NA,NA,NA
2020-02-25,Catalunya,1,NA,NA,NA,0,1,NA,NA
2020-02-25,Madrid,NA,NA,NA,NA,NA,NA,NA,NA
2020-02-26,Catalunya,2,NA,NA,NA,1,1,NA,NA
2020-02-26,Madrid,NA,NA,NA,NA,NA,NA,NA,NA
2020-02-27,Catalunya,3,NA,NA,NA,2,1,NA,0.42857142857142855
2020-02-27,Madrid,NA,NA,NA,NA,NA,NA,NA,NA
2020-02-28,Catalunya,5,NA,NA,NA,3,2,NA,0.7142857142857143
2020-02-28,Madrid,NA,NA,NA,NA,NA,NA,NA,NA
2020-02-29,Catalunya,6,NA,NA,NA,5,1,NA,0.8571428571428571
2020-02-29,Madrid,NA,NA,NA,NA,NA,NA,NA,NA
2020-03-01,Catalunya,15,NA,NA,NA,6,9,NA,2.142857142857143
2020-03-01,Madrid,NA,NA,NA,NA,NA,NA,NA,NA
2020-03-02,Catalunya,15,NA,NA,NA,15,0,NA,2.142857142857143
2020-03-02,Madrid,NA,NA,NA,NA,NA,NA,NA,NA
2020-03-03,Catalunya,15,NA,NA,NA,15,0,NA,2
2020-03-03,Madrid,NA,NA,NA,NA,NA,NA,NA,NA
2020-03-04,Catalunya,24,NA,NA,NA,15,9,NA,3.142857142857143
2020-03-04,Madrid,NA,NA,NA,NA,NA,NA,NA,NA
2020-03-05,Catalunya,24,NA,NA,NA,24,0,NA,3
2020-03-05,Madrid,NA,NA,NA,NA,NA,NA,NA,NA
2020-03-06,Catalunya,24,NA,NA,NA,24,0,NA,2.7142857142857144
2020-03-06,Madrid,NA,NA,NA,NA,NA,NA,NA,NA
2020-03-07,Catalunya,49,NA,NA,NA,24,25,NA,6.142857142857143
2020-03-07,Madrid,NA,NA,NA,NA,NA,NA,NA,NA
2020-03-08,Catalunya,59,2,NA,NA,49,10,NA,6.285714285714286
2020-03-08,Madrid,NA,16,NA,NA,NA,NA,NA,NA
2020-03-09,Catalunya,82,2,2,0,59,23,NA,9.571428571428571
2020-03-09,Madrid,NA,21,16,5,NA,NA,NA,NA
2020-03-10,Catalunya,123,3,2,1,82,41,NA,15.428571428571429
2020-03-10,Madrid,NA,31,21,10,NA,NA,NA,NA
2020-03-11,Catalunya,202,6,3,3,123,79,NA,25.428571428571427
2020-03-11,Madrid,NA,56,31,25,NA,NA,NA,NA
2020-03-12,Catalunya,349,9,6,3,202,147,NA,46.42857142857143
2020-03-12,Madrid,NA,81,56,25,NA,NA,NA,NA
2020-03-13,Catalunya,558,13,9,4,349,209,NA,76.28571428571429
2020-03-13,Madrid,NA,86,81,5,NA,NA,NA,NA
2020-03-14,Catalunya,742,15,13,2,558,184,NA,99
2020-03-14,Madrid,NA,213,86,127,NA,NA,NA,NA
2020-03-15,Catalunya,1017,20,15,5,742,275,2.5714285714285716,136.85714285714286
2020-03-15,Madrid,NA,213,213,0,NA,NA,28.142857142857142,NA
2020-03-16,Catalunya,1414,23,20,3,1017,397,3,190.28571428571428
2020-03-16,Madrid,NA,355,213,142,NA,NA,47.714285714285715,NA
2020-03-17,Catalunya,1866,33,23,10,1414,452,4.285714285714286,249
2020-03-17,Madrid,NA,390,355,35,NA,NA,51.285714285714285,NA
2020-03-18,Catalunya,2702,53,33,20,1866,836,6.714285714285714,357.14285714285717
2020-03-18,Madrid,NA,498,390,108,NA,NA,63.142857142857146,NA
2020-03-19,Catalunya,3270,93,53,40,2702,568,12,417.2857142857143
2020-03-19,Madrid,NA,628,498,130,NA,NA,78.14285714285714,NA
2020-03-20,Catalunya,4203,122,93,29,3270,933,15.571428571428571,520.7142857142857
2020-03-20,Madrid,NA,804,628,176,NA,NA,102.57142857142857,NA
2020-03-21,Catalunya,5046,143,122,21,4203,843,18.285714285714285,614.8571428571429
2020-03-21,Madrid,NA,1021,804,217,NA,NA,115.42857142857143,NA
2020-03-22,Catalunya,5747,199,143,56,5046,701,25.571428571428573,675.7142857142857
2020-03-22,Madrid,NA,1263,1021,242,NA,NA,150,NA
2020-03-23,Catalunya,7864,293,199,94,5747,2117,38.57142857142857,921.4285714285714
2020-03-23,Madrid,NA,1535,1263,272,NA,NA,168.57142857142858,NA
2020-03-24,Catalunya,9937,385,293,92,7864,2073,50.285714285714285,1153
2020-03-24,Madrid,NA,1825,1535,290,NA,NA,205,NA
2020-03-25,Catalunya,11592,501,385,116,9937,1655,64,1270
2020-03-25,Madrid,NA,2090,1825,265,NA,NA,227.42857142857142,NA
2020-03-26,Catalunya,12940,685,501,184,11592,1348,84.57142857142857,1381.4285714285713
2020-03-26,Madrid,NA,2412,2090,322,NA,NA,254.85714285714286,NA
2020-03-27,Catalunya,14263,827,685,142,12940,1323,100.71428571428571,1437.142857142857
2020-03-27,Madrid,NA,2757,2412,345,NA,NA,279,NA
2020-03-28,Catalunya,15025,904,827,77,14263,762,108.71428571428571,1425.5714285714287
2020-03-28,Madrid,NA,3082,2757,325,NA,NA,294.42857142857144,NA
2020-03-29,Catalunya,16104,983,904,79,15025,1079,112,1479.5714285714287
2020-03-29,Madrid,NA,3392,3082,310,NA,NA,304.14285714285717,NA
2020-03-30,Catalunya,18520,1216,983,233,16104,2416,131.85714285714286,1522.2857142857142
2020-03-30,Madrid,NA,3603,3392,211,NA,NA,295.42857142857144,NA
2020-03-31,Catalunya,19991,1458,1216,242,18520,1471,153.28571428571428,1436.2857142857142
2020-03-31,Madrid,NA,3865,3603,262,NA,NA,291.42857142857144,NA
2020-04-01,Catalunya,21804,1629,1458,171,19991,1813,161.14285714285714,1458.857142857143
2020-04-01,Madrid,NA,4175,3865,310,NA,NA,297.85714285714283,NA
2020-04-02,Catalunya,23460,1784,1629,155,21804,1656,157,1502.857142857143
2020-04-02,Madrid,NA,4483,4175,308,NA,NA,295.85714285714283,NA
2020-04-03,Catalunya,24734,1928,1784,144,23460,1274,157.28571428571428,1495.857142857143
2020-04-03,Madrid,NA,4723,4483,240,NA,NA,280.85714285714283,NA
2020-04-04,Catalunya,26032,2053,1928,125,24734,1298,164.14285714285714,1572.4285714285713
2020-04-04,Madrid,NA,4941,4723,218,NA,NA,265.57142857142856,NA
2020-04-05,Catalunya,26824,2167,2053,114,26032,792,169.14285714285714,1531.4285714285713
2020-04-05,Madrid,NA,5136,4941,195,NA,NA,249.14285714285714,NA
2020-04-06,Catalunya,28323,2329,2167,162,26824,1499,159,1400.4285714285713
2020-04-06,Madrid,NA,5371,5136,235,NA,NA,252.57142857142858,NA
2020-04-07,Catalunya,29647,2462,2329,133,28323,1324,143.42857142857142,1379.4285714285713
2020-04-07,Madrid,NA,5586,5371,215,NA,NA,245.85714285714286,NA
2020-04-08,Catalunya,31043,2667,2462,205,29647,1396,148.28571428571428,1319.857142857143
2020-04-08,Madrid,NA,5800,5586,214,NA,NA,232.14285714285714,NA
2020-04-09,Catalunya,31824,2787,2667,120,31043,781,143.28571428571428,1194.857142857143
2020-04-09,Madrid,NA,5972,5800,172,NA,NA,212.71428571428572,NA
2020-04-10,Catalunya,32984,2877,2787,90,31824,1160,135.57142857142858,1178.5714285714287
2020-04-10,Madrid,NA,6084,5972,112,NA,NA,194.42857142857142,NA
2020-04-11,Catalunya,34027,2975,2877,98,32984,1043,131.71428571428572,1142.142857142857
2020-04-11,Madrid,NA,6278,6084,194,NA,NA,191,NA
2020-04-12,Catalunya,34726,3105,2975,130,34027,699,134,1128.857142857143
2020-04-12,Madrid,NA,6423,6278,145,NA,NA,183.85714285714286,NA
2020-04-13,Catalunya,35197,3201,3105,96,34726,471,124.57142857142857,982
2020-04-13,Madrid,NA,6568,6423,145,NA,NA,171,NA
2020-04-14,Catalunya,36505,3453,3201,252,35197,1308,141.57142857142858,979.7142857142857
2020-04-14,Madrid,NA,6724,6568,156,NA,NA,162.57142857142858,NA
2020-04-15,Catalunya,37354,3618,3453,165,36505,849,135.85714285714286,901.5714285714286
2020-04-15,Madrid,NA,6877,6724,153,NA,NA,153.85714285714286,NA
2020-04-16,Catalunya,38316,3752,3618,134,37354,962,137.85714285714286,927.4285714285714
2020-04-16,Madrid,NA,7007,6877,130,NA,NA,147.85714285714286,NA
2020-04-17,Catalunya,NA,3879,3752,127,38316,NA,143.14285714285714,NA
2020-04-17,Madrid,NA,7132,7007,125,NA,NA,149.71428571428572,NA
2020-04-18,Catalunya,NA,3933,3879,54,NA,NA,136.85714285714286,NA
2020-04-18,Madrid,NA,7239,7132,107,NA,NA,137.28571428571428,NA
2020-04-19,Catalunya,NA,4009,3933,76,NA,NA,129.14285714285714,NA
2020-04-19,Madrid,NA,7351,7239,112,NA,NA,132.57142857142858,NA
2020-04-20,Catalunya,NA,4152,4009,143,NA,NA,135.85714285714286,NA
2020-04-20,Madrid,NA,7460,7351,109,NA,NA,127.42857142857143,NA
2020-04-21,Catalunya,NA,4247,4152,95,NA,NA,113.42857142857143,NA
2020-04-21,Madrid,NA,7577,7460,117,NA,NA,121.85714285714286,NA
2020-04-22,Catalunya,NA,4343,4247,96,NA,NA,103.57142857142857,NA
2020-04-22,Madrid,NA,7684,7577,107,NA,NA,115.28571428571429,NA
2020-04-23,Catalunya,NA,4393,4343,50,NA,NA,91.57142857142857,NA
2020-04-23,Madrid,NA,7765,7684,81,NA,NA,108.28571428571429,NA
2020-04-24,Catalunya,NA,4498,4393,105,NA,NA,88.42857142857143,NA
2020-04-24,Madrid,NA,7848,7765,83,NA,NA,102.28571428571429,NA
2020-04-25,Catalunya,NA,4566,4498,68,NA,NA,90.42857142857143,NA
2020-04-25,Madrid,NA,7922,7848,74,NA,NA,97.57142857142857,NA
2020-04-26,Catalunya,NA,4699,4566,133,NA,NA,98.57142857142857,NA
2020-04-26,Madrid,NA,7986,7922,64,NA,NA,90.71428571428571,NA
2020-04-27,Catalunya,NA,4808,4699,109,NA,NA,93.71428571428571,NA
2020-04-27,Madrid,NA,8048,7986,62,NA,NA,84,NA
2020-04-28,Catalunya,NA,4905,4808,97,NA,NA,94,NA
2020-04-28,Madrid,NA,8105,8048,57,NA,NA,75.42857142857143,NA
2020-04-29,Catalunya,NA,4975,4905,70,NA,NA,90.28571428571429,NA
2020-04-29,Madrid,NA,8176,8105,71,NA,NA,70.28571428571429,NA
2020-04-30,Catalunya,NA,5061,4975,86,NA,NA,95.42857142857143,NA
2020-04-30,Madrid,NA,8222,8176,46,NA,NA,65.28571428571429,NA
2020-05-01,Catalunya,NA,5137,5061,76,NA,NA,91.28571428571429,NA
2020-05-01,Madrid,NA,8292,8222,70,NA,NA,63.42857142857143,NA
2020-05-02,Catalunya,NA,5185,5137,48,NA,NA,88.42857142857143,NA
2020-05-02,Madrid,NA,8332,8292,40,NA,NA,58.57142857142857,NA
2020-05-03,Catalunya,NA,5220,5185,35,NA,NA,74.42857142857143,NA
2020-05-03,Madrid,NA,8376,8332,44,NA,NA,55.714285714285715,NA
2020-01-22,Korea,1,0,NA,NA,NA,NA,NA,NA
2020-01-23,Korea,1,0,0,0,1,0,NA,NA
2020-01-24,Korea,2,0,0,0,1,1,NA,NA
2020-01-25,Korea,2,0,0,0,2,0,NA,NA
2020-01-26,Korea,3,0,0,0,2,1,NA,NA
2020-01-27,Korea,4,0,0,0,3,1,NA,NA
2020-01-28,Korea,4,0,0,0,4,0,NA,NA
2020-01-29,Korea,4,0,0,0,4,0,0,0.42857142857142855
2020-01-30,Korea,4,0,0,0,4,0,0,0.42857142857142855
2020-01-31,Korea,11,0,0,0,4,7,0,1.2857142857142858
2020-02-01,Korea,12,0,0,0,11,1,0,1.4285714285714286
2020-02-02,Korea,15,0,0,0,12,3,0,1.7142857142857142
2020-02-03,Korea,15,0,0,0,15,0,0,1.5714285714285714
2020-02-04,Korea,16,0,0,0,15,1,0,1.7142857142857142
2020-02-05,Korea,19,0,0,0,16,3,0,2.142857142857143
2020-02-06,Korea,23,0,0,0,19,4,0,2.7142857142857144
2020-02-07,Korea,24,0,0,0,23,1,0,1.8571428571428572
2020-02-08,Korea,24,0,0,0,24,0,0,1.7142857142857142
2020-02-09,Korea,25,0,0,0,24,1,0,1.4285714285714286
2020-02-10,Korea,27,0,0,0,25,2,0,1.7142857142857142
2020-02-11,Korea,28,0,0,0,27,1,0,1.7142857142857142
2020-02-12,Korea,28,0,0,0,28,0,0,1.2857142857142858
2020-02-13,Korea,28,0,0,0,28,0,0,0.7142857142857143
2020-02-14,Korea,28,0,0,0,28,0,0,0.5714285714285714
2020-02-15,Korea,28,0,0,0,28,0,0,0.5714285714285714
2020-02-16,Korea,29,0,0,0,28,1,0,0.5714285714285714
2020-02-17,Korea,30,0,0,0,29,1,0,0.42857142857142855
2020-02-18,Korea,31,0,0,0,30,1,0,0.42857142857142855
2020-02-19,Korea,31,0,0,0,31,0,0,0.42857142857142855
2020-02-20,Korea,104,1,0,1,31,73,0.14285714285714285,10.857142857142858
2020-02-21,Korea,204,2,1,1,104,100,0.2857142857142857,25.142857142857142
2020-02-22,Korea,433,2,2,0,204,229,0.2857142857142857,57.857142857142854
2020-02-23,Korea,602,6,2,4,433,169,0.8571428571428571,81.85714285714286
2020-02-24,Korea,833,8,6,2,602,231,1.1428571428571428,114.71428571428571
2020-02-25,Korea,977,10,8,2,833,144,1.4285714285714286,135.14285714285714
2020-02-26,Korea,1261,12,10,2,977,284,1.7142857142857142,175.71428571428572
2020-02-27,Korea,1766,13,12,1,1261,505,1.7142857142857142,237.42857142857142
2020-02-28,Korea,2337,13,13,0,1766,571,1.5714285714285714,304.7142857142857
2020-02-29,Korea,3150,16,13,3,2337,813,2,388.14285714285717
2020-03-01,Korea,3736,17,16,1,3150,586,1.5714285714285714,447.7142857142857
2020-03-02,Korea,4335,28,17,11,3736,599,2.857142857142857,500.2857142857143
2020-03-03,Korea,5186,28,28,0,4335,851,2.5714285714285716,601.2857142857143
2020-03-04,Korea,5621,35,28,7,5186,435,3.2857142857142856,622.8571428571429
2020-03-05,Korea,6088,35,35,0,5621,467,3.142857142857143,617.4285714285714
2020-03-06,Korea,6593,42,35,7,6088,505,4.142857142857143,608
2020-03-07,Korea,7041,44,42,2,6593,448,4,555.8571428571429
2020-03-08,Korea,7314,50,44,6,7041,273,4.714285714285714,511.14285714285717
2020-03-09,Korea,7478,53,50,3,7314,164,3.5714285714285716,449
2020-03-10,Korea,7513,54,53,1,7478,35,3.7142857142857144,332.42857142857144
2020-03-11,Korea,7755,60,54,6,7513,242,3.5714285714285716,304.85714285714283
2020-03-12,Korea,7869,66,60,6,7755,114,4.428571428571429,254.42857142857142
2020-03-13,Korea,7979,66,66,0,7869,110,3.4285714285714284,198
2020-03-14,Korea,8086,72,66,6,7979,107,4,149.28571428571428
2020-03-15,Korea,8162,75,72,3,8086,76,3.5714285714285716,121.14285714285714
2020-03-16,Korea,8236,75,75,0,8162,74,3.142857142857143,108.28571428571429
2020-03-17,Korea,8320,81,75,6,8236,84,3.857142857142857,115.28571428571429
2020-03-18,Korea,8413,84,81,3,8320,93,3.4285714285714284,94
2020-03-19,Korea,8565,91,84,7,8413,152,3.5714285714285716,99.42857142857143
2020-03-20,Korea,8652,94,91,3,8565,87,4,96.14285714285714
2020-03-21,Korea,8799,102,94,8,8652,147,4.285714285714286,101.85714285714286
2020-03-22,Korea,8961,111,102,9,8799,162,5.142857142857143,114.14285714285714
2020-03-23,Korea,8961,111,111,0,8961,0,5.142857142857143,103.57142857142857
2020-03-24,Korea,9037,120,111,9,8961,76,5.571428571428571,102.42857142857143
2020-03-25,Korea,9137,126,120,6,9037,100,6,103.42857142857143
2020-03-26,Korea,9241,131,126,5,9137,104,5.714285714285714,96.57142857142857
2020-03-27,Korea,9332,139,131,8,9241,91,6.428571428571429,97.14285714285714
2020-03-28,Korea,9478,144,139,5,9332,146,6,97
2020-03-29,Korea,9583,152,144,8,9478,105,5.857142857142857,88.85714285714286
2020-03-30,Korea,9661,158,152,6,9583,78,6.714285714285714,100
2020-03-31,Korea,9786,162,158,4,9661,125,6,107
2020-04-01,Korea,9887,165,162,3,9786,101,5.571428571428571,107.14285714285714
2020-04-02,Korea,9976,169,165,4,9887,89,5.428571428571429,105
2020-04-03,Korea,10062,174,169,5,9976,86,5,104.28571428571429
2020-04-04,Korea,10156,177,174,3,10062,94,4.714285714285714,96.85714285714286
2020-04-05,Korea,10237,183,177,6,10156,81,4.428571428571429,93.42857142857143
2020-04-06,Korea,10284,186,183,3,10237,47,4,89
2020-04-07,Korea,10331,192,186,6,10284,47,4.285714285714286,77.85714285714286
2020-04-08,Korea,10384,200,192,8,10331,53,5,71
2020-04-09,Korea,10423,204,200,4,10384,39,5,63.857142857142854
2020-04-10,Korea,10450,208,204,4,10423,27,4.857142857142857,55.42857142857143
2020-04-11,Korea,10480,211,208,3,10450,30,4.857142857142857,46.285714285714285
2020-04-12,Korea,10512,214,211,3,10480,32,4.428571428571429,39.285714285714285
2020-04-13,Korea,10537,217,214,3,10512,25,4.428571428571429,36.142857142857146
2020-04-14,Korea,10564,222,217,5,10537,27,4.285714285714286,33.285714285714285
2020-04-15,Korea,10591,225,222,3,10564,27,3.5714285714285716,29.571428571428573
2020-04-16,Korea,10613,229,225,4,10591,22,3.5714285714285716,27.142857142857142
2020-04-17,Korea,10635,230,229,1,10613,22,3.142857142857143,26.428571428571427
2020-04-18,Korea,10653,232,230,2,10635,18,3,24.714285714285715
2020-04-19,Korea,10661,234,232,2,10653,8,2.857142857142857,21.285714285714285
2020-04-20,Korea,10674,236,234,2,10661,13,2.7142857142857144,19.571428571428573
2020-04-21,Korea,10683,237,236,1,10674,9,2.142857142857143,17
2020-04-22,Korea,10694,238,237,1,10683,11,1.8571428571428572,14.714285714285714
2020-04-23,Korea,10708,240,238,2,10694,14,1.5714285714285714,13.571428571428571
2020-04-24,Korea,10718,240,240,0,10708,10,1.4285714285714286,11.857142857142858
2020-04-25,Korea,10728,242,240,2,10718,10,1.4285714285714286,10.714285714285714
2020-04-26,Korea,10738,243,242,1,10728,10,1.2857142857142858,11
2020-04-27,Korea,10752,244,243,1,10738,14,1.1428571428571428,11.142857142857142
2020-04-28,Korea,10761,246,244,2,10752,9,1.2857142857142858,11.142857142857142
2020-04-29,Korea,10765,247,246,1,10761,4,1.2857142857142858,10.142857142857142
2020-04-30,Korea,10774,248,247,1,10765,9,1.1428571428571428,9.428571428571429
2020-05-01,Korea,10780,250,248,2,10774,6,1.4285714285714286,8.857142857142858
2020-05-02,Korea,10793,250,250,0,10780,13,1.1428571428571428,9.285714285714286
2020-05-03,Korea,10801,252,250,2,10793,8,1.2857142857142858,9
